Date,News mentions,Blog mentions,Policy mentions,Patent mentions,X mentions,Peer review mentions,Weibo mentions,Facebook mentions,Wikipedia mentions,Google+ mentions,LinkedIn mentions,Reddit mentions,Pinterest mentions,F1000 mentions,Q&A mentions,Clinical guidelines mentions,Bluesky mentions,Podcast mentions
2019-10-17,0,0,0,0,1,0,0,0,0,0,0,0,0,0,0,0,0,0
2019-10-29,0,0,0,0,3,0,0,0,0,0,0,0,0,0,0,0,0,0
2019-10-30,0,0,0,0,1,0,0,0,0,0,0,0,0,0,0,0,0,0
2019-12-02,0,0,0,0,2,0,0,0,0,0,0,0,0,0,0,0,0,0
2019-12-08,0,0,0,0,1,0,0,0,0,0,0,0,0,0,0,0,0,0
2019-12-09,0,0,0,0,2,0,0,0,0,0,0,0,0,0,0,0,0,0
2019-12-10,0,0,0,0,3,0,0,0,0,0,0,0,0,0,0,0,0,0
2019-12-11,0,0,0,0,4,0,0,1,0,0,0,0,0,0,0,0,0,0
2019-12-18,0,0,0,0,1,0,0,0,0,0,0,0,0,0,0,0,0,0
2020-02-19,0,0,0,0,4,0,0,0,0,0,0,0,0,0,0,0,0,0
2020-02-20,0,0,0,0,5,0,0,0,0,0,0,0,0,0,0,0,0,0
2020-02-22,0,0,0,0,5,0,0,0,0,0,0,0,0,0,0,0,0,0
2020-02-24,0,0,0,0,0,0,0,0,0,0,0,1,0,0,0,0,0,0
2020-02-26,0,0,0,0,2,0,0,1,0,0,0,0,0,0,0,0,0,0
2020-02-27,0,0,0,0,2,0,0,0,0,0,0,0,0,0,0,0,0,0
2020-03-01,0,0,0,0,9,0,0,0,0,0,0,0,0,0,0,0,0,0
2020-03-02,0,1,0,0,0,0,0,0,0,0,0,0,0,0,0,0,0,0
2020-03-05,0,0,0,0,0,0,0,0,0,0,0,1,0,0,0,0,0,0
2020-04-03,0,0,0,0,2,0,0,0,0,0,0,0,0,0,0,0,0,0
2020-04-16,0,0,0,0,1,0,0,0,0,0,0,0,0,0,0,0,0,0
2020-04-23,0,0,0,0,1,0,0,0,0,0,0,0,0,0,0,0,0,0
2020-05-11,0,0,0,0,1,0,0,0,0,0,0,0,0,0,0,0,0,0
2020-05-15,0,0,0,0,185,0,0,0,0,0,0,1,0,0,0,0,0,0
2020-05-16,0,0,0,0,288,0,0,0,0,0,0,0,0,0,0,0,0,0
2020-05-17,0,0,0,0,62,0,0,0,0,0,0,1,0,0,0,0,0,0
2020-05-18,0,0,0,0,21,0,0,0,1,0,0,0,0,0,0,0,0,0
2020-05-19,0,0,0,0,16,0,0,0,0,0,0,0,0,0,0,0,0,0
2020-05-20,0,0,0,0,13,0,0,0,0,0,0,0,0,0,0,0,0,0
2020-05-21,0,0,0,0,3,0,0,0,0,0,0,1,0,0,0,0,0,0
2020-05-22,0,0,0,0,9,0,0,0,0,0,0,0,0,0,0,0,0,0
2020-05-23,0,0,0,0,2,0,0,0,0,0,0,0,0,0,0,0,0,0
2020-05-24,0,0,0,0,3,0,0,0,0,0,0,0,0,0,0,0,0,0
2020-05-25,0,1,0,0,3,0,0,0,0,0,0,0,0,0,0,0,0,0
2020-05-26,0,0,0,0,4,0,0,0,0,0,0,0,0,0,0,0,0,0
2020-06-01,0,0,0,0,1,0,0,0,0,0,0,0,0,0,0,0,0,0
2020-06-02,0,0,0,0,1,0,0,0,0,0,0,0,0,0,0,0,0,0
2020-06-03,0,0,0,0,1,0,0,0,0,0,0,0,0,0,0,0,0,0
2020-06-04,0,0,0,0,2,0,0,0,0,0,0,0,0,0,0,0,0,0
2020-06-05,0,0,0,0,8,0,0,0,0,0,0,0,0,0,0,0,0,0
2020-06-06,0,0,0,0,7,0,0,0,0,0,0,0,0,0,0,0,0,0
2020-06-07,0,0,0,0,4,0,0,0,0,0,0,0,0,0,0,0,0,0
2020-06-08,0,0,0,0,1,0,0,0,0,0,0,0,0,0,0,0,0,0
2020-06-12,0,0,0,0,1,0,0,0,0,0,0,0,0,0,0,0,0,0
2020-06-14,0,0,0,0,0,0,0,0,0,0,0,0,0,0,1,0,0,0
2020-06-23,0,0,0,0,1,0,0,0,0,0,0,0,0,0,0,0,0,0
2020-06-25,0,0,0,0,1,0,0,0,0,0,0,0,0,0,0,0,0,0
2020-06-28,1,0,0,0,0,0,0,0,0,0,0,0,0,0,0,0,0,0
2020-07-01,1,0,0,0,0,0,0,0,0,0,0,0,0,0,0,0,0,0
2020-07-02,0,0,0,0,1,0,0,0,0,0,0,0,0,0,0,0,0,0
2020-07-04,0,0,0,0,1,0,0,0,0,0,0,0,0,0,0,0,0,0
2020-07-07,0,0,0,0,1,0,0,0,0,0,0,0,0,0,0,0,0,0
2020-07-08,0,0,0,0,4,0,0,0,0,0,0,0,0,0,0,0,0,0
2020-07-11,0,0,0,0,1,0,0,0,0,0,0,0,0,0,0,0,0,0
2020-07-13,0,0,0,0,2,0,0,0,0,0,0,0,0,0,0,0,0,0
2020-07-18,0,0,0,0,1,0,0,0,0,0,0,0,0,0,0,0,0,0
2020-07-27,0,0,0,0,1,0,0,0,0,0,0,0,0,0,0,0,0,0
2020-07-28,0,1,0,0,7,0,0,0,0,0,0,0,0,0,0,0,0,0
2020-07-29,0,0,0,0,4,0,0,0,0,0,0,5,0,0,0,0,0,0
2020-07-31,0,0,0,0,1,0,0,0,0,0,0,0,0,0,0,0,0,0
2020-08-08,0,0,0,0,1,0,0,1,0,0,0,0,0,0,0,0,0,0
2020-08-24,2,0,0,0,8,0,0,0,0,0,0,1,0,0,0,0,0,0
2020-08-28,1,0,0,0,0,0,0,0,0,0,0,0,0,0,0,0,0,0
2020-09-01,0,0,0,0,2,0,0,0,0,0,0,0,0,0,0,0,0,0
2020-09-02,0,0,0,0,1,0,0,0,0,0,0,0,0,0,0,0,0,0
2020-09-16,14,1,0,0,0,0,0,0,0,0,0,0,0,0,0,0,0,0
2020-09-17,0,1,0,0,0,0,0,0,0,0,0,0,0,0,0,0,0,0
2020-09-20,2,0,0,0,0,0,0,0,0,0,0,0,0,0,0,0,0,0
2020-09-21,2,0,0,0,0,0,0,0,0,0,0,0,0,0,0,0,0,0
2020-09-29,0,0,0,0,1,0,0,0,0,0,0,0,0,0,0,0,0,0
2020-10-15,0,0,0,0,1,0,0,0,0,0,0,0,0,0,0,0,0,0
2020-10-16,0,0,0,0,4,0,0,0,0,0,0,0,0,0,0,0,0,0
2020-10-17,0,0,0,0,1,0,0,0,0,0,0,0,0,0,0,0,0,0
2020-10-23,0,0,0,0,3,0,0,0,0,0,0,0,0,0,0,0,0,0
2020-10-26,0,0,0,0,5,0,0,0,0,0,0,0,0,0,0,0,0,0
2020-10-27,0,0,0,0,2,0,0,0,0,0,0,0,0,0,0,0,0,0
2020-11-01,0,0,0,0,1,0,0,0,0,0,0,0,0,0,0,0,0,0
2020-11-03,0,0,0,0,1,0,0,0,0,0,0,0,0,0,0,0,0,0
2020-11-15,0,0,0,0,3,0,0,0,0,0,0,0,0,0,0,0,0,0
2020-11-24,9,0,0,0,0,0,0,0,0,0,0,0,0,0,0,0,0,0
2020-11-26,1,0,0,0,0,0,0,0,0,0,0,0,0,0,0,0,0,0
2020-11-27,1,0,0,0,0,0,0,0,0,0,0,0,0,0,0,0,0,0
2020-11-30,0,0,0,0,1,0,0,0,0,0,0,0,0,0,0,0,0,0
2020-12-07,0,0,0,0,1,0,0,0,0,0,0,0,0,0,0,0,0,0
2020-12-08,1,0,0,0,0,0,0,0,0,0,0,0,0,0,0,0,0,0
2020-12-09,0,0,0,0,1,0,0,0,0,0,0,0,0,0,0,0,0,0
2020-12-15,1,1,0,0,0,0,0,0,0,0,0,0,0,0,0,0,0,0
2020-12-18,0,0,0,0,1,0,0,0,0,0,0,0,0,0,0,0,0,0
2020-12-21,0,0,0,0,4,0,0,0,0,0,0,0,0,0,0,0,0,0
2020-12-26,0,0,0,0,1,0,0,0,0,0,0,0,0,0,0,0,0,0
2020-12-29,0,0,0,0,1,0,0,0,0,0,0,0,0,0,0,0,0,0
2020-12-30,0,0,0,0,1,0,0,0,0,0,0,0,0,0,0,0,0,0
2021-01-06,0,0,0,0,1,0,0,0,0,0,0,0,0,0,0,0,0,0
2021-01-14,0,0,0,0,27,0,0,0,0,0,0,0,0,0,0,0,0,0
2021-01-15,0,0,0,0,16,0,0,0,0,0,0,0,0,0,0,0,0,0
2021-01-17,0,0,0,0,1,0,0,0,0,0,0,0,0,0,0,0,0,0
2021-01-18,0,0,0,0,1,0,0,0,0,0,0,0,0,0,0,0,0,0
2021-01-19,0,0,0,0,3,0,0,0,0,0,0,0,0,0,0,0,0,0
2021-01-20,1,0,0,0,0,0,0,0,0,0,0,0,0,0,0,0,0,0
2021-01-25,0,0,0,0,1,0,0,0,0,0,0,0,0,0,0,0,0,0
2021-01-26,0,0,0,0,1,0,0,0,0,0,0,0,0,0,0,0,0,0
2021-02-01,0,0,0,0,1,0,0,0,0,0,0,0,0,0,0,0,0,0
2021-02-09,0,0,0,0,3,0,0,1,0,0,0,0,0,0,0,0,1,0
2021-02-16,0,0,0,0,1,0,0,0,0,0,0,0,0,0,0,0,0,0
2021-02-26,0,0,0,0,2,0,0,0,0,0,0,0,0,0,0,0,0,0
2021-02-28,0,0,0,0,1,0,0,0,0,0,0,0,0,0,0,0,0,0
2021-03-02,0,0,0,0,1,0,0,0,0,0,0,0,0,0,0,0,0,0
2021-03-04,0,0,0,0,3,0,0,0,0,0,0,0,0,0,0,0,0,0
2021-03-06,0,0,0,0,1,0,0,0,0,0,0,0,0,0,0,0,0,0
2021-03-08,0,0,0,0,2,0,0,0,0,0,0,0,0,0,0,0,0,0
2021-03-09,0,0,0,0,23,0,0,0,0,0,0,0,0,0,0,0,0,0
2021-03-11,0,0,0,0,4,0,0,0,0,0,0,0,0,0,0,0,0,0
2021-03-13,0,0,0,0,1,0,0,0,0,0,0,0,0,0,0,0,0,0
2021-03-15,0,0,0,0,1,0,0,0,0,0,0,0,0,0,0,0,0,0
2021-03-21,1,1,0,0,0,0,0,0,0,0,0,0,0,0,0,0,0,0
2021-03-27,0,0,0,0,1,0,0,0,0,0,0,0,0,0,0,0,0,0
2021-03-30,0,0,0,0,1,0,0,0,0,0,0,0,0,0,0,0,0,0
2021-04-01,1,3,0,0,2,0,0,0,0,0,0,0,0,0,0,0,0,0
2021-04-02,0,0,0,0,4,0,0,0,0,0,0,0,0,0,0,0,0,0
2021-04-06,0,0,0,0,7,0,0,0,0,0,0,0,0,0,0,0,0,0
2021-04-07,0,0,0,0,1,0,0,0,0,0,0,0,0,0,0,0,0,0
2021-04-08,0,0,0,0,10,0,0,0,0,0,0,0,0,0,0,0,0,0
2021-04-10,1,1,0,0,0,0,0,0,0,0,0,0,0,0,0,0,0,0
2021-04-11,0,1,0,0,1,0,0,0,0,0,0,0,0,0,0,0,0,0
2021-04-17,0,0,0,0,2,0,0,0,0,0,0,0,0,0,0,0,0,0
2021-04-18,0,0,0,0,1,0,0,0,0,0,0,0,0,0,0,0,0,0
2021-04-20,0,1,0,0,0,0,0,0,0,0,0,0,0,0,0,0,0,0
2021-04-22,0,0,0,0,0,0,0,0,0,0,0,0,0,0,0,0,0,1
2021-04-26,0,0,0,0,2,0,0,0,0,0,0,0,0,0,0,0,0,0
2021-04-29,0,0,0,0,1,0,0,0,0,0,0,0,0,0,0,0,0,0
2021-04-30,0,0,0,0,2,0,0,0,0,0,0,0,0,0,0,0,0,0
2021-05-08,1,0,0,0,0,0,0,0,0,0,0,0,0,0,0,0,0,0
2021-05-10,0,0,0,0,1,0,0,0,0,0,0,0,0,0,0,0,0,0
2021-05-14,0,0,0,0,1,0,0,0,0,0,0,0,0,0,0,0,0,0
2021-05-24,0,0,0,0,1,0,0,0,0,0,0,0,0,0,0,0,0,0
2021-05-25,1,0,0,0,1,0,0,0,0,0,0,0,0,0,0,0,0,0
2021-05-26,0,0,1,0,2,0,0,0,0,0,0,0,0,0,0,0,0,0
2021-05-29,0,0,0,0,3,0,0,0,0,0,0,0,0,0,0,0,0,0
2021-05-30,0,0,0,0,1,0,0,0,0,0,0,0,0,0,0,0,0,0
2021-06-01,0,0,0,0,1,0,0,0,0,0,0,0,0,0,0,0,0,0
2021-06-04,0,0,0,0,1,0,0,0,0,0,0,0,0,0,0,0,0,0
2021-06-22,0,0,0,0,1,0,0,0,0,0,0,0,0,0,0,0,0,0
2021-06-24,0,0,0,0,1,0,0,0,0,0,0,0,0,0,0,0,0,0
2021-06-30,0,0,1,0,0,0,0,0,0,0,0,0,0,0,0,0,0,0
2021-07-10,0,0,0,0,1,0,0,1,0,0,0,0,0,0,0,0,1,0
2021-07-13,0,0,0,0,2,0,0,0,0,0,0,0,0,0,0,0,0,0
2021-07-14,0,0,0,0,2,0,0,0,0,0,0,0,0,0,0,0,0,0
2021-07-26,0,0,0,0,1,0,0,0,0,0,0,0,0,0,0,0,0,0
2021-07-27,0,0,0,0,9,0,0,0,0,0,0,0,0,0,0,0,0,0
2021-07-28,1,0,0,0,4,0,0,0,0,0,0,0,0,0,0,0,0,0
2021-07-29,0,0,0,0,2,0,0,0,0,0,0,0,0,0,0,0,0,0
2021-07-31,0,0,0,0,4,0,0,0,0,0,0,0,0,0,0,0,0,0
2021-08-01,0,0,0,0,14,0,0,0,0,0,0,0,0,0,0,0,0,0
2021-08-02,0,0,0,0,11,0,0,0,0,0,0,0,0,0,0,0,0,0
2021-08-12,0,0,0,0,2,0,0,0,0,0,0,0,0,0,0,0,0,0
2021-08-14,0,1,0,0,0,0,0,0,0,0,0,0,0,0,0,0,0,0
2021-08-16,0,0,0,0,1,0,0,0,0,0,0,0,0,0,0,0,0,0
2021-08-27,0,0,0,0,2,0,0,0,0,0,0,0,0,0,0,0,0,0
2021-08-28,0,0,0,0,1,0,0,0,0,0,0,0,0,0,0,0,0,0
2021-08-29,0,0,0,0,1,0,0,0,0,0,0,0,0,0,0,0,0,0
2021-09-01,0,0,0,0,1,0,0,0,0,0,0,0,0,0,0,0,0,0
2021-09-02,2,0,0,0,8,0,0,0,0,0,0,0,0,0,0,0,0,0
2021-09-03,0,0,0,0,15,0,0,0,0,0,0,0,0,0,0,0,0,0
2021-09-06,0,0,0,0,1,0,0,0,0,0,0,0,0,0,0,0,0,0
2021-09-09,0,0,0,0,8,0,0,0,0,0,0,0,0,0,0,0,0,0
2021-09-10,0,0,0,0,2,0,0,0,0,0,0,0,0,0,0,0,0,0
2021-09-11,0,0,0,0,1,0,0,0,0,0,0,0,0,0,0,0,0,0
2021-09-13,0,0,0,0,4,0,0,0,0,0,0,0,0,0,0,0,0,0
2021-09-14,0,0,0,0,4,0,0,0,0,0,0,0,0,0,0,0,0,0
2021-09-15,0,0,0,0,6,0,0,0,0,0,0,0,0,0,0,0,0,0
2021-09-16,0,0,7,0,2,0,0,0,0,0,0,0,0,0,0,0,0,0
2021-09-21,0,0,0,0,4,0,0,0,0,0,0,0,0,0,0,0,0,0
2021-09-28,0,0,0,0,5,0,0,1,0,0,0,0,0,0,0,0,0,0
2021-09-29,0,0,0,0,2,0,0,0,0,0,0,0,0,0,0,0,0,0
2021-10-08,1,1,0,0,0,0,0,0,0,0,0,0,0,0,0,0,0,0
2021-10-18,0,0,0,0,3,0,0,0,0,0,0,0,0,0,0,0,0,0
2021-11-04,0,0,0,0,1,0,0,0,0,0,0,0,0,0,0,0,0,0
2021-11-18,0,0,0,0,1,0,0,0,0,0,0,0,0,0,0,0,0,0
2021-11-22,0,0,1,0,0,0,0,0,0,0,0,0,0,0,0,0,0,0
2021-11-26,0,0,0,0,1,0,0,0,0,0,0,0,0,0,0,0,0,0
2021-12-01,0,1,0,0,0,0,0,0,0,0,0,0,0,0,0,0,0,0
2021-12-07,0,0,0,0,1,0,0,0,0,0,0,0,0,0,0,0,0,0
2021-12-08,0,0,0,0,0,0,0,0,1,0,0,0,0,0,0,0,0,0
2021-12-11,0,0,0,0,1,0,0,0,0,0,0,0,0,0,0,0,0,0
2021-12-12,0,0,0,0,2,0,0,0,0,0,0,0,0,0,0,0,0,0
2021-12-16,0,0,0,0,3,0,0,0,0,0,0,0,0,0,0,0,0,0
2021-12-20,0,0,0,0,9,0,0,0,0,0,0,0,0,0,0,0,0,0
2021-12-21,0,0,0,0,3,0,0,0,0,0,0,1,0,0,0,0,0,0
2021-12-22,0,0,0,0,4,0,0,0,0,0,0,0,0,0,0,0,0,0
2021-12-23,0,0,0,0,5,0,0,0,0,0,0,0,0,0,0,0,0,0
2021-12-24,0,0,0,0,1,0,0,0,0,0,0,0,0,0,0,0,0,0
2021-12-30,0,0,0,0,0,0,0,0,0,0,0,1,0,0,0,0,0,0
2021-12-31,0,0,0,0,2,0,0,0,0,0,0,0,0,0,0,0,0,0
2022-01-01,0,2,0,0,0,0,0,0,0,0,0,0,0,0,0,0,0,0
2022-01-12,0,0,0,0,1,0,0,0,0,0,0,0,0,0,0,0,0,0
2022-01-14,5,0,0,0,0,0,0,0,0,0,0,0,0,0,0,0,0,0
2022-01-15,1,0,0,0,0,0,0,0,0,0,0,0,0,0,0,0,0,0
2022-01-17,0,0,2,0,0,0,0,0,0,0,0,0,0,0,0,0,0,0
2022-01-19,0,0,0,0,5,0,0,0,0,0,0,0,0,0,0,0,0,0
2022-01-21,4,0,0,0,0,0,0,0,0,0,0,0,0,0,0,0,0,0
2022-01-25,0,0,0,0,5,0,0,0,0,0,0,0,0,0,0,0,0,0
2022-01-26,0,0,0,0,3,0,0,0,0,0,0,0,0,0,0,0,0,0
2022-01-31,1,0,0,0,0,0,0,0,0,0,0,0,0,0,0,0,0,0
2022-02-03,0,0,7,0,0,0,0,0,0,0,0,0,0,0,0,0,0,0
2022-02-09,0,0,0,0,0,0,0,0,3,0,0,0,0,0,0,0,0,0
2022-02-12,0,0,0,0,1,0,0,0,0,0,0,0,0,0,0,0,0,0
2022-02-22,1,0,0,0,1,0,0,0,0,0,0,0,0,0,0,0,0,0
2022-02-27,0,0,0,0,1,0,0,0,0,0,0,0,0,0,0,0,0,0
2022-03-02,4,0,0,0,0,0,0,0,0,0,0,0,0,0,0,0,0,0
2022-03-03,0,0,0,0,1,0,0,0,0,0,0,0,0,0,0,0,0,0
2022-03-07,1,0,0,0,1,0,0,0,0,0,0,0,0,0,0,0,0,0
2022-03-16,0,0,0,0,4,0,0,0,0,0,0,0,0,0,0,0,0,0
2022-03-18,0,0,0,0,1,0,0,0,0,0,0,0,0,0,0,0,0,0
2022-03-19,0,0,0,0,1,0,0,0,0,0,0,0,0,0,0,0,0,0
2022-03-21,0,1,0,0,0,0,0,0,0,0,0,0,0,0,0,0,0,0
2022-03-26,0,0,0,0,2,0,0,0,0,0,0,0,0,0,0,0,0,0
2022-03-27,0,0,0,0,1,0,0,0,0,0,0,0,0,0,0,0,0,0
2022-03-31,0,0,0,0,4,0,0,0,0,0,0,0,0,0,0,0,0,0
2022-04-03,0,0,0,0,0,0,0,0,0,0,0,0,0,0,0,0,0,1
2022-04-06,0,0,0,0,4,0,0,0,0,0,0,0,0,0,0,0,0,0
2022-04-07,0,0,0,0,5,0,0,1,0,0,0,0,0,0,0,0,0,0
2022-04-14,0,0,0,0,1,0,0,0,0,0,0,0,0,0,0,0,0,0
2022-04-23,0,0,0,0,1,0,0,0,0,0,0,0,0,0,0,0,0,0
2022-04-27,0,0,0,0,1,0,0,0,0,0,0,0,0,0,0,0,0,0
2022-05-02,0,1,0,0,0,0,0,0,0,0,0,0,0,0,0,0,0,0
2022-05-03,0,0,0,0,1,0,0,0,0,0,0,0,0,0,0,0,0,0
2022-05-08,5,0,0,0,0,0,0,0,0,0,0,0,0,0,0,0,0,0
2022-05-09,5,0,0,0,7,0,0,0,0,0,0,0,0,0,0,0,0,0
2022-05-10,0,0,0,0,22,0,0,0,0,0,0,0,0,0,0,0,0,0
2022-05-11,0,0,0,0,1,0,0,0,0,0,0,0,0,0,0,0,0,0
2022-05-12,0,0,0,0,1,0,0,0,0,0,0,0,0,0,0,0,0,0
2022-05-13,0,0,0,0,2,0,0,0,0,0,0,0,0,0,0,0,0,0
2022-05-21,1,0,0,0,0,0,0,0,0,0,0,0,0,0,0,0,0,0
2022-05-22,0,1,0,0,0,0,0,0,0,0,0,0,0,0,0,0,0,0
2022-05-23,0,0,0,0,1,0,0,0,0,0,0,0,0,0,0,0,0,0
2022-06-06,0,0,0,0,1,0,0,0,0,0,0,0,0,0,0,0,0,0
2022-06-23,0,0,0,0,0,0,0,0,6,0,0,0,0,0,0,0,0,0
2022-07-01,0,0,0,0,0,0,0,0,3,0,0,0,0,0,0,0,0,0
2022-07-19,0,0,0,0,2,0,0,0,0,0,0,0,0,0,0,0,0,0
2022-07-27,0,0,0,0,2,0,0,0,0,0,0,0,0,0,0,0,0,0
2022-08-04,0,0,1,0,0,0,0,0,0,0,0,0,0,0,0,0,0,0
2022-08-07,0,0,0,0,1,0,0,0,0,0,0,0,0,0,0,0,0,0
2022-08-15,0,0,0,0,1,0,0,0,0,0,0,0,0,0,0,0,0,0
2022-08-16,0,0,0,0,1,0,0,0,0,0,0,0,0,0,0,0,0,0
2022-08-25,0,0,0,0,20,0,0,0,0,0,0,0,0,0,0,0,0,0
2022-08-26,0,0,0,0,7,0,0,0,0,0,0,0,0,0,0,0,0,0
2022-08-27,0,0,0,0,2,0,0,0,0,0,0,0,0,0,0,0,0,0
2022-08-28,0,0,0,0,1,0,0,0,0,0,0,0,0,0,0,0,0,0
2022-08-29,0,0,0,0,3,0,0,0,0,0,0,0,0,0,0,0,0,0
2022-08-31,0,0,0,0,1,0,0,1,0,0,0,0,0,0,0,0,0,0
2022-09-02,0,0,0,0,1,0,0,0,0,0,0,0,0,0,0,0,0,0
2022-09-08,0,0,0,0,0,1,0,0,0,0,0,0,0,0,0,0,0,0
2022-09-10,0,0,0,0,1,0,0,0,0,0,0,0,0,0,0,0,0,0
2022-09-11,0,0,0,0,1,0,0,0,2,0,0,0,0,0,0,0,0,0
2022-09-13,0,0,0,0,1,0,0,0,0,0,0,0,0,0,0,0,0,0
2022-09-26,0,1,0,0,0,0,0,0,0,0,0,0,0,0,0,0,0,0
2022-09-29,0,0,0,0,1,0,0,0,0,0,0,0,0,0,0,0,0,0
2022-09-30,0,0,0,0,1,0,0,0,0,0,0,0,0,0,0,0,0,0
2022-10-05,0,0,0,0,1,0,0,0,0,0,0,0,0,0,0,0,0,0
2022-10-16,0,0,1,0,0,0,0,0,0,0,0,0,0,0,0,0,0,0
2022-10-25,0,0,0,0,1,0,0,0,0,0,0,0,0,0,0,0,0,0
2022-11-27,0,0,0,0,1,0,0,0,0,0,0,0,0,0,0,0,0,0
2022-11-29,0,0,0,0,1,0,0,0,0,0,0,0,0,0,0,0,0,0
2022-12-14,0,0,0,0,1,0,0,0,0,0,0,0,0,0,0,0,0,0
2022-12-20,6,0,0,0,0,0,0,0,1,0,0,0,0,0,0,0,0,0
2022-12-21,0,0,0,0,0,0,0,0,1,0,0,0,0,0,0,0,0,0
2022-12-23,0,0,0,0,1,0,0,0,0,0,0,0,0,0,0,0,0,0
2023-01-01,0,0,2,0,0,0,0,0,0,0,0,0,0,0,0,0,0,0
2023-01-08,0,0,0,0,1,0,0,0,0,0,0,0,0,0,0,0,0,0
2023-01-10,0,0,0,0,1,0,0,0,0,0,0,0,0,0,0,0,0,0
2023-01-12,0,0,0,0,2,0,0,0,0,0,0,0,0,0,0,0,0,0
2023-01-17,0,0,0,0,3,0,0,0,0,0,0,1,0,0,0,0,0,0
2023-01-19,0,0,0,0,1,0,0,0,0,0,0,0,0,0,0,0,0,0
2023-01-27,3,0,0,0,0,0,0,0,0,0,0,0,0,0,0,0,0,0
2023-01-30,1,0,0,0,2,0,0,0,0,0,0,0,0,0,0,0,0,0
2023-02-04,0,0,0,0,1,0,0,0,0,0,0,0,0,0,0,0,0,0
2023-02-06,0,1,0,0,0,0,0,0,0,0,0,0,0,0,0,0,0,0
2023-02-10,0,0,0,0,1,0,0,0,0,0,0,0,0,0,0,0,0,0
2023-02-14,0,0,0,0,1,0,0,0,0,0,0,0,0,0,0,0,0,0
2023-02-20,0,0,0,0,0,0,0,0,0,0,0,0,0,0,0,0,0,1
2023-02-26,0,0,0,0,0,1,0,0,0,0,0,0,0,0,0,0,0,0
2023-02-28,1,0,0,0,0,0,0,0,0,0,0,0,0,0,0,0,0,0
2023-03-01,0,1,0,0,0,0,0,0,0,0,0,0,0,0,0,0,0,0
2023-03-08,0,0,0,0,1,0,0,0,0,0,0,0,0,0,0,0,0,0
2023-03-24,0,0,0,0,4,0,0,0,0,0,0,0,0,0,0,0,0,0
2023-03-27,0,0,0,0,1,0,0,0,0,0,0,0,0,0,0,0,0,0
2023-03-28,0,0,0,0,1,0,0,0,0,0,0,0,0,0,0,0,0,0
2023-03-30,0,0,0,0,1,0,0,0,0,0,0,0,0,0,0,0,0,0
2023-04-01,0,0,0,0,15,0,0,0,0,0,0,0,0,0,0,0,0,0
2023-04-02,0,0,0,0,15,0,0,0,0,0,0,0,0,0,0,0,0,0
2023-04-03,0,0,0,0,8,0,0,0,0,0,0,0,0,0,0,0,0,0
2023-04-04,1,0,0,0,1,0,0,0,0,0,0,0,0,0,0,0,0,0
2023-04-05,0,0,0,0,1,0,0,0,0,0,0,0,0,0,0,0,0,0
2023-04-06,0,0,0,0,3,0,0,2,4,0,0,0,0,0,0,0,0,0
2023-04-07,0,0,0,0,1,0,0,0,0,0,0,0,0,0,0,0,0,0
2023-04-08,4,0,0,0,0,0,0,0,0,0,0,0,0,0,0,0,0,0
2023-04-09,0,0,0,0,1,0,0,0,0,0,0,0,0,0,0,0,0,0
2023-04-10,0,0,0,0,1,0,0,0,0,0,0,0,0,0,0,0,0,0
2023-04-12,0,0,0,0,1,0,0,1,0,0,0,0,0,0,0,0,0,0
2023-04-14,0,0,0,0,0,1,0,0,0,0,0,0,0,0,0,0,0,0
2023-04-15,1,0,0,0,0,0,0,0,0,0,0,0,0,0,0,0,0,0
2023-04-17,0,0,0,0,1,0,0,0,0,0,0,0,0,0,0,0,0,0
2023-04-18,0,0,0,0,0,1,0,0,0,0,0,0,0,0,0,0,0,0
2023-04-20,0,1,0,0,0,0,0,0,2,0,0,0,0,0,0,0,0,0
2023-04-24,1,0,0,0,0,0,0,0,0,0,0,0,0,0,0,0,0,0
2023-04-30,0,0,0,0,0,0,0,0,0,0,0,1,0,0,0,0,0,0
2023-05-02,0,0,0,0,1,0,0,0,0,0,0,0,0,0,0,0,0,0
2023-05-05,0,0,0,0,2,0,0,0,0,0,0,0,0,0,0,0,0,0
2023-05-06,0,0,0,0,1,0,0,0,0,0,0,0,0,0,0,0,0,0
2023-05-13,0,0,0,0,1,0,0,0,0,0,0,0,0,0,0,0,0,0
2023-05-22,0,0,0,0,1,0,0,0,0,0,0,0,0,0,0,0,0,0
2023-05-27,0,0,0,0,1,0,0,0,0,0,0,0,0,0,0,0,0,0
2023-06-03,0,0,0,0,1,0,0,0,0,0,0,0,0,0,0,0,0,0
2023-06-09,0,0,0,0,1,0,0,0,0,0,0,0,0,0,0,0,0,0
2023-06-15,0,1,0,0,1,0,0,0,0,0,0,0,0,0,0,0,0,0
2023-06-27,0,0,0,0,4,0,0,0,0,0,0,0,0,0,0,0,0,0
2023-06-28,0,0,0,0,1,0,0,1,0,0,0,0,0,0,0,0,0,0
2023-07-06,0,0,0,0,2,0,0,0,0,0,0,0,0,0,0,0,0,0
2023-07-08,1,0,0,0,0,0,0,0,0,0,0,0,0,0,0,0,0,0
2023-07-12,4,0,0,0,0,0,0,0,0,0,0,0,0,0,0,0,0,0
2023-07-13,7,0,0,0,0,0,0,0,0,0,0,0,0,0,0,0,0,0
2023-07-16,3,0,0,0,0,0,0,0,0,0,0,0,0,0,0,0,0,0
2023-07-17,0,0,0,0,1,0,0,0,0,0,0,0,0,0,0,0,0,0
2023-07-18,5,0,0,0,1,0,0,1,0,0,0,0,0,0,0,0,0,0
2023-07-19,0,0,0,0,1,0,0,0,0,0,0,0,0,0,0,0,0,0
2023-07-20,0,0,0,0,1,0,0,0,0,0,0,0,0,0,0,0,0,0
2023-07-21,0,0,0,0,1,0,0,0,0,0,0,0,0,0,0,0,0,0
2023-07-22,1,0,0,0,0,0,0,0,0,0,0,0,0,0,0,0,0,0
2023-07-23,1,0,0,0,0,0,0,0,0,0,0,0,0,0,0,0,0,0
2023-07-25,1,0,0,0,0,0,0,0,0,0,0,0,0,0,0,0,0,0
2023-07-29,0,0,0,0,1,0,0,0,0,0,0,0,0,0,0,0,0,0
2023-08-04,0,0,0,0,1,0,0,0,0,0,0,0,0,0,0,0,0,0
2023-08-07,0,0,0,0,3,0,0,0,0,0,0,0,0,0,0,0,0,0
2023-08-08,1,0,0,0,0,0,0,0,0,0,0,0,0,0,0,0,0,0
2023-08-14,0,0,0,0,1,0,0,0,0,0,0,0,0,0,0,0,0,0
2023-08-15,1,0,0,0,0,0,0,0,0,0,0,0,0,0,0,0,0,0
2023-08-26,0,0,0,0,1,0,0,0,0,0,0,0,0,0,0,0,0,0
2023-08-29,0,0,0,0,0,0,0,0,1,0,0,0,0,0,0,0,0,0
2023-08-31,0,0,0,0,62,0,0,0,0,0,0,0,0,0,0,0,0,0
2023-09-01,1,0,0,0,43,0,0,0,0,0,0,0,0,0,0,0,0,1
2023-09-02,0,0,0,0,1,0,0,0,0,0,0,0,0,0,0,0,0,0
2023-09-03,0,0,0,0,1,0,0,0,0,0,0,0,0,0,0,0,0,0
2023-09-06,0,0,0,0,59,0,0,0,0,0,0,0,0,0,0,0,0,0
2023-09-08,0,0,0,0,1,0,0,0,0,0,0,0,0,0,0,0,0,0
2023-09-20,0,0,0,0,0,0,0,0,2,0,0,0,0,0,0,0,0,0
2023-09-23,1,0,0,0,0,0,0,0,0,0,0,0,0,0,0,0,0,0
2023-09-25,1,0,0,0,1,0,0,0,0,0,0,0,0,0,0,0,0,0
2023-09-29,1,0,0,0,0,0,0,0,0,0,0,0,0,0,0,0,0,0
2023-10-03,0,0,0,0,1,0,0,0,0,0,0,0,0,0,0,0,0,0
2023-10-06,0,0,0,0,0,0,0,0,2,0,0,0,0,0,0,0,0,0
2023-10-19,0,0,0,0,1,0,0,0,0,0,0,0,0,0,0,0,0,0
2023-10-25,26,2,0,0,2,0,0,0,0,0,0,0,0,0,0,0,0,0
2023-10-26,10,1,0,0,19,0,0,1,0,0,0,0,0,0,0,0,0,0
2023-10-27,5,0,0,0,2,0,0,1,0,0,0,0,0,0,0,0,0,0
2023-10-28,0,0,0,0,2,0,0,0,0,0,0,1,0,0,0,0,0,0
2023-10-29,2,0,0,0,1,0,0,0,0,0,0,0,0,0,0,0,0,0
2023-10-30,2,0,0,0,0,0,0,0,0,0,0,0,0,0,0,0,0,0
2023-11-01,0,2,0,0,0,0,0,0,2,0,0,0,0,0,0,0,0,0
2023-11-02,2,1,0,0,1,0,0,0,0,0,0,0,0,0,0,0,0,0
2023-11-05,0,0,0,0,0,0,0,0,0,0,0,0,0,0,0,0,0,1
2023-11-07,0,0,0,0,4,0,0,1,0,0,0,0,0,0,0,0,0,0
2023-11-08,0,0,1,0,0,0,0,0,0,0,0,0,0,0,0,0,0,0
2023-11-09,1,0,0,0,0,0,0,0,0,0,0,0,0,0,0,0,0,0
2023-11-13,1,0,0,0,0,0,0,0,0,0,0,0,0,0,0,0,0,0
2023-11-15,0,0,0,0,2,0,0,0,0,0,0,0,0,0,0,0,0,0
2023-11-20,0,0,0,0,1,0,0,0,0,0,0,0,0,0,0,0,0,0
2023-11-27,1,0,0,0,0,0,0,0,0,0,0,1,0,0,0,0,0,0
2023-11-28,0,0,1,0,1,0,0,0,0,0,0,0,0,0,0,0,0,0
2023-12-01,0,0,0,0,7,0,0,0,0,0,0,0,0,0,0,0,0,0
2023-12-02,0,0,0,0,2,0,0,0,0,0,0,0,0,0,0,0,0,0
2023-12-06,0,0,0,0,1,0,0,0,0,0,0,0,0,0,0,0,0,0
2023-12-10,0,0,1,0,0,0,0,0,0,0,0,0,0,0,0,0,0,0
2023-12-13,0,0,0,0,1,0,0,0,0,0,0,0,0,0,0,0,0,0
2023-12-19,2,0,0,0,0,0,0,0,0,0,0,0,0,0,0,0,0,0
2023-12-20,0,0,0,0,3,0,0,0,0,0,0,0,0,0,0,0,0,0
2023-12-31,0,0,0,0,1,0,0,0,0,0,0,0,0,0,0,0,0,0
2024-01-03,0,0,0,0,2,0,0,0,0,0,0,0,0,0,0,0,0,0
2024-01-07,1,1,0,0,0,0,0,0,0,0,0,0,0,0,0,0,0,0
2024-01-10,0,0,0,0,8,0,0,0,0,0,0,0,0,0,0,0,0,0
2024-01-11,0,0,0,0,2,0,0,0,0,0,0,0,0,0,0,0,0,0
2024-01-12,0,0,1,0,1,0,0,0,0,0,0,0,0,0,0,0,0,0
2024-01-15,0,0,0,0,3,0,0,0,0,0,0,0,0,0,0,0,0,0
2024-01-16,0,0,0,0,2,0,0,0,0,0,0,0,0,0,0,0,0,0
2024-01-18,0,1,0,0,1,0,0,0,0,0,0,0,0,0,0,0,0,0
2024-01-19,0,0,0,0,1,0,0,0,0,0,0,0,0,0,0,0,0,0
2024-01-20,0,0,0,0,1,0,0,0,0,0,0,0,0,0,0,0,0,0
2024-01-21,1,0,0,0,0,0,0,0,0,0,0,0,0,0,0,0,0,0
2024-01-22,2,1,0,0,1,0,0,0,0,0,0,0,0,0,0,0,1,0
2024-01-25,0,0,0,0,4,0,0,0,0,0,0,0,0,0,0,0,0,0
2024-01-26,0,1,0,0,1,0,0,0,0,0,0,0,0,0,0,0,0,0
2024-01-28,2,0,0,0,0,0,0,0,0,0,0,0,0,0,0,0,0,0
2024-01-29,6,0,0,0,3,0,0,0,0,0,0,0,0,0,0,0,0,0
2024-02-01,0,0,0,0,1,0,0,0,0,0,0,0,0,0,0,0,0,0
2024-02-08,0,0,0,0,1,0,0,0,0,0,0,0,0,0,0,0,0,0
2024-02-14,0,0,0,0,4,0,0,0,0,0,0,0,0,0,0,0,0,0
2024-02-15,2,0,0,0,1,0,0,0,0,0,0,0,0,0,0,0,0,0
2024-02-16,1,0,0,0,0,0,0,0,0,0,0,0,0,0,0,0,0,0
2024-02-19,6,1,0,0,0,0,0,0,0,0,0,0,0,0,0,0,0,0
2024-02-20,31,0,0,0,0,0,0,0,0,0,0,0,0,0,0,0,0,0
2024-02-22,0,1,0,0,0,0,0,0,0,0,0,0,0,0,0,0,0,0
2024-02-23,0,0,0,0,1,0,0,0,0,0,0,0,0,0,0,0,0,0
2024-02-25,1,0,0,0,0,0,0,0,0,0,0,0,0,0,0,0,0,0
2024-02-27,1,0,0,0,0,0,0,0,0,0,0,0,0,0,0,0,0,0
2024-02-28,3,0,0,0,0,0,0,0,0,0,0,0,0,0,0,0,0,0
2024-02-29,1,0,0,0,0,0,0,0,0,0,0,0,0,0,0,0,0,0
2024-03-01,3,0,0,0,0,0,0,0,0,0,0,0,0,0,0,0,0,0
2024-03-02,0,0,0,0,1,0,0,0,0,0,0,0,0,0,0,0,0,0
2024-03-03,1,0,0,0,0,0,0,0,0,0,0,0,0,0,0,0,0,0
2024-03-04,1,0,0,0,1,0,0,0,0,0,0,0,0,0,0,0,0,0
2024-03-05,0,1,0,0,12,0,0,0,0,0,0,0,0,0,0,0,0,0
2024-03-06,0,0,0,0,9,0,0,0,0,0,0,0,0,0,0,0,0,0
2024-03-07,0,0,0,0,1,0,0,0,0,0,0,0,0,0,0,0,0,0
2024-03-08,0,0,0,0,0,0,0,0,1,0,0,0,0,0,0,0,0,0
2024-03-11,0,0,0,0,0,0,0,0,1,0,0,0,0,0,0,0,0,0
2024-03-14,1,0,0,0,0,0,0,0,0,0,0,0,0,0,0,0,0,0
2024-03-17,0,0,0,0,1,0,0,1,0,0,0,0,0,0,0,0,0,0
2024-03-19,0,0,0,0,2,0,0,0,0,0,0,0,0,0,0,0,0,0
2024-03-24,2,0,0,0,0,0,0,0,0,0,0,0,0,0,0,0,0,0
2024-03-25,1,0,0,0,0,0,0,0,0,0,0,0,0,0,0,0,0,0
2024-03-26,0,0,0,0,1,0,0,0,0,0,0,0,0,0,0,0,0,0
2024-03-27,0,0,0,0,0,0,0,0,1,0,0,0,0,0,0,0,0,0
2024-03-28,0,0,0,0,1,0,0,0,0,0,0,0,0,0,0,0,0,0
2024-04-02,0,1,0,0,0,0,0,0,0,0,0,0,0,0,0,0,0,0
2024-04-06,0,0,0,0,1,0,0,0,0,0,0,0,0,0,0,0,0,0
2024-04-08,0,0,0,0,2,0,0,0,0,0,0,0,0,0,0,0,0,0
2024-04-09,4,0,0,0,0,0,0,0,0,0,0,1,0,0,0,0,0,0
2024-04-11,0,0,1,0,0,0,0,0,0,0,0,0,0,0,0,0,0,0
2024-04-19,0,0,0,0,10,0,0,0,0,0,0,0,0,0,0,0,1,0
2024-04-20,0,0,0,0,1,0,0,0,0,0,0,0,0,0,0,0,0,0
2024-05-15,0,0,0,0,1,0,0,0,0,0,0,0,0,0,0,0,0,0
2024-05-16,1,0,0,0,0,0,0,0,0,0,0,1,0,0,0,0,0,0
2024-05-23,1,1,0,0,0,0,0,0,0,0,0,0,0,0,0,0,0,0
2024-05-24,4,0,0,0,0,0,0,0,0,0,0,0,0,0,0,0,0,0
2024-05-27,1,0,0,0,0,0,0,0,0,0,0,0,0,0,0,0,0,0
2024-05-28,1,0,0,0,0,0,0,0,0,0,0,0,0,0,0,0,0,0
2024-05-29,2,0,0,0,0,0,0,0,0,0,0,0,0,0,0,0,0,0
2024-06-02,0,0,0,0,1,0,0,0,0,0,0,0,0,0,0,0,0,0
2024-06-04,0,1,0,0,0,0,0,0,0,0,0,0,0,0,0,0,0,0
2024-06-06,0,1,0,0,0,0,0,0,0,0,0,0,0,0,0,0,0,0
2024-06-08,1,0,0,0,0,0,0,0,0,0,0,0,0,0,0,0,0,0
2024-06-09,1,0,0,0,0,0,0,0,0,0,0,0,0,0,0,0,0,0
2024-06-12,0,0,0,0,0,0,0,0,0,0,0,0,0,0,0,0,1,0
2024-06-14,4,0,0,0,0,0,0,0,0,0,0,0,0,0,0,0,0,1
2024-06-19,0,0,0,0,5,0,0,0,0,0,0,0,0,0,0,0,0,0
2024-06-20,0,0,0,0,1,0,0,0,0,0,0,0,0,0,0,0,0,0
2024-06-21,1,0,0,0,0,0,0,0,0,0,0,0,0,0,0,0,0,0
2024-06-25,2,0,0,0,0,0,0,0,0,0,0,0,0,0,0,0,0,0
2024-06-27,0,0,0,0,2,0,0,0,0,0,0,0,0,0,0,0,0,0
2024-07-01,0,0,5,0,0,0,0,0,0,0,0,0,0,0,0,0,0,0
2024-07-03,0,0,0,0,1,0,0,0,0,0,0,0,0,0,0,0,0,0
2024-07-13,0,1,0,0,0,0,0,0,0,0,0,0,0,0,0,0,0,0
2024-07-17,4,0,0,0,0,0,0,0,0,0,0,0,0,0,0,0,0,0
2024-07-18,5,1,0,0,25,0,0,0,0,0,0,1,0,0,0,0,0,0
2024-07-19,0,1,0,0,3,0,0,0,0,0,0,0,0,0,0,0,0,0
2024-07-20,0,0,0,0,2,0,0,0,0,0,0,0,0,0,0,0,0,0
2024-07-21,0,0,0,0,6,0,0,0,0,0,0,0,0,0,0,0,0,0
2024-07-22,0,0,0,0,3,0,0,0,0,0,0,0,0,0,0,0,0,0
2024-08-01,0,0,0,0,1,0,0,0,0,0,0,0,0,0,0,0,0,0
2024-08-16,0,0,0,0,1,0,0,0,0,0,0,0,0,0,0,0,0,0
2024-08-18,0,0,0,0,1,0,0,0,0,0,0,0,0,0,0,0,0,0
2024-08-26,0,0,0,0,0,0,0,0,1,0,0,0,0,0,0,0,0,0
2024-09-03,0,0,0,0,0,0,0,0,0,0,0,1,0,0,0,0,0,0
2024-09-04,0,0,0,0,2,0,0,0,0,0,0,0,0,0,0,0,0,0
2024-09-05,0,0,0,0,2,0,0,0,0,0,0,0,0,0,0,0,0,0
2024-09-09,0,0,0,0,1,0,0,0,0,0,0,0,0,0,0,0,0,0
2024-09-13,1,0,0,0,0,0,0,0,0,0,0,0,0,0,0,0,0,0
2024-09-16,0,0,0,0,1,0,0,0,0,0,0,0,0,0,0,0,0,0
2024-09-17,0,0,0,0,1,0,0,0,0,0,0,0,0,0,0,0,0,0
2024-09-18,2,0,0,0,0,0,0,0,0,0,0,0,0,0,0,0,0,0
2024-09-19,0,0,1,0,0,0,0,0,0,0,0,0,0,0,0,0,0,0
2024-09-25,0,0,0,0,1,0,0,0,0,0,0,0,0,0,0,0,0,0
2024-09-26,2,1,0,0,0,0,0,0,0,0,0,0,0,0,0,0,0,0
2024-09-29,0,0,0,0,3,0,0,0,0,0,0,0,0,0,0,0,0,0
2024-10-01,0,0,0,0,0,0,0,1,0,0,0,0,0,0,0,0,0,0
2024-10-06,0,0,0,0,0,0,0,1,0,0,0,0,0,0,0,0,0,0
2024-10-08,1,0,0,0,0,0,0,0,0,0,0,0,0,0,0,0,0,0
2024-10-09,0,0,0,0,6,0,0,0,0,0,0,0,0,0,0,0,0,0
2024-10-13,1,0,0,0,0,0,0,0,0,0,0,0,0,0,0,0,0,0
2024-10-16,0,0,0,0,1,0,0,0,0,0,0,0,0,0,0,0,0,0
2024-10-18,1,0,0,0,1,0,0,0,0,0,0,0,0,0,0,0,0,0
2024-10-20,0,0,0,0,1,0,0,0,0,0,0,0,0,0,0,0,0,0
2024-10-21,0,0,0,0,4,0,0,1,0,0,0,0,0,0,0,0,0,0
2024-10-22,0,0,0,0,2,0,0,0,0,0,0,0,0,0,0,0,0,0
2024-10-27,0,0,0,0,1,0,0,0,0,0,0,0,0,0,0,0,0,0
2024-10-30,1,0,0,0,0,0,0,0,0,0,0,0,0,0,0,0,0,0
2024-10-31,1,0,0,0,0,0,0,0,0,0,0,0,0,0,0,0,0,0
2024-11-01,0,0,2,0,0,0,0,0,0,0,0,0,0,0,0,0,0,0
2024-11-05,0,0,0,0,3,0,0,0,0,0,0,0,0,0,0,0,0,0
2024-11-06,0,0,0,0,3,0,0,0,0,0,0,0,0,0,0,0,1,0
2024-11-07,2,0,0,0,2,0,0,0,0,0,0,0,0,0,0,0,0,0
2024-11-10,0,0,0,0,2,0,0,0,0,0,0,0,0,0,0,0,0,0
2024-11-11,0,0,0,0,3,0,0,0,0,0,0,0,0,0,0,0,2,0
2024-11-12,0,0,0,0,1,0,0,1,0,0,0,0,0,0,0,0,0,0
2024-11-13,0,0,1,0,1,0,0,0,0,0,0,0,0,0,0,0,0,0
2024-11-14,0,0,0,0,4,0,0,0,0,0,0,0,0,0,0,0,0,0
2024-11-17,0,0,0,0,0,0,0,0,0,0,0,1,0,0,0,0,0,0
2024-11-18,0,0,1,0,0,0,0,0,0,0,0,0,0,0,0,0,0,0
2024-11-19,0,0,1,0,1,0,0,0,0,0,0,0,0,0,0,0,0,0
2024-11-20,20,0,0,0,1,0,0,0,0,0,0,0,0,0,0,0,1,0
2024-11-21,4,0,0,0,0,0,0,0,0,0,0,0,0,0,0,0,0,0
2024-11-23,0,0,0,0,0,0,0,0,7,0,0,0,0,0,0,0,0,0
2024-11-29,0,0,0,0,1,0,0,0,0,0,0,0,0,0,0,0,2,0
2024-11-30,0,0,0,0,0,0,0,0,0,0,0,0,0,0,0,0,1,0
2024-12-01,0,0,0,0,0,0,0,0,0,0,0,0,0,0,0,0,1,0
2024-12-04,1,0,0,0,0,0,0,0,0,0,0,0,0,0,0,0,0,0
2024-12-09,0,0,0,0,0,0,0,0,1,0,0,0,0,0,0,0,0,0
2024-12-12,0,0,0,0,1,0,0,0,0,0,0,0,0,0,0,0,0,0
2024-12-19,1,0,0,0,0,0,0,0,0,0,0,0,0,0,0,0,0,0
2024-12-21,0,0,0,0,1,0,0,0,0,0,0,0,0,0,0,0,0,0
2024-12-23,0,0,0,0,1,0,0,0,0,0,0,0,0,0,0,0,1,0
2024-12-25,3,0,0,0,0,0,0,0,0,0,0,0,0,0,0,0,0,0
2024-12-26,0,0,0,0,1,0,0,0,0,0,0,0,0,0,0,0,0,0
2024-12-29,0,0,0,0,0,0,0,0,0,0,0,0,0,0,0,0,1,0
2024-12-30,3,0,0,0,0,0,0,0,0,0,0,0,0,0,0,0,0,0
2025-01-06,0,0,0,0,1,0,0,0,0,0,0,0,0,0,0,0,1,0
2025-02-04,0,0,0,0,1,0,0,0,0,0,0,0,0,0,0,0,1,0
2025-02-05,0,0,0,0,1,0,0,0,0,0,0,0,0,0,0,0,0,0
2025-02-07,0,0,0,0,1,0,0,0,0,0,0,0,0,0,0,0,0,0
2025-02-11,2,0,0,0,0,0,0,0,0,0,0,0,0,0,0,0,1,0
2025-02-12,0,0,1,0,0,0,0,1,0,0,0,0,0,0,0,0,0,0
2025-02-13,0,0,0,0,1,0,0,0,0,0,0,0,0,0,0,0,1,0
2025-02-14,0,0,0,0,2,0,0,0,0,0,0,0,0,0,0,0,5,0
2025-02-15,0,0,0,0,0,0,0,0,0,0,0,0,0,0,0,0,1,0
2025-02-17,0,1,0,0,0,0,0,0,0,0,0,0,0,0,0,0,0,0
2025-02-25,1,0,0,0,1,0,0,0,0,0,0,0,0,0,0,0,1,0
2025-02-28,0,0,0,0,1,0,0,0,0,0,0,0,0,0,0,0,0,0
2025-03-02,0,1,0,0,0,0,0,0,0,0,0,0,0,0,0,0,0,0
2025-03-04,0,0,0,0,0,0,0,0,0,0,0,0,0,0,0,0,0,1
2025-03-08,0,0,0,0,1,0,0,0,0,0,0,0,0,0,0,0,0,0
2025-03-11,1,0,0,0,0,0,0,0,0,0,0,0,0,0,0,0,0,0
2025-03-13,5,0,0,0,0,0,0,0,0,0,0,0,0,0,0,0,0,0
2025-03-14,0,0,0,0,1,0,0,0,0,0,0,0,0,0,0,0,0,0
2025-03-16,0,0,0,0,0,0,0,0,1,0,0,0,0,0,0,0,1,0
2025-03-20,0,0,0,0,0,0,0,0,0,0,0,0,0,0,0,0,1,0
2025-03-23,0,0,0,0,1,0,0,0,0,0,0,0,0,0,0,0,0,0
2025-03-26,0,0,0,0,6,0,0,0,0,0,0,0,0,0,0,0,1,0
2025-03-27,1,0,0,0,1,0,0,0,0,0,0,0,0,0,0,0,0,0
2025-03-30,0,0,0,0,2,0,0,0,0,0,0,0,0,0,0,0,0,0
2025-03-31,0,0,0,0,0,0,0,0,0,0,0,0,0,0,0,0,1,0
2025-04-01,0,1,0,0,0,0,0,0,0,0,0,0,0,0,0,0,0,0
2025-04-02,0,0,0,0,1,0,0,0,0,0,0,0,0,0,0,0,0,0
2025-04-03,2,0,0,0,1,0,0,0,0,0,0,0,0,0,0,0,0,0
2025-04-04,0,0,0,0,0,0,0,0,0,0,0,0,0,0,0,0,4,0
2025-04-08,1,0,0,0,0,0,0,0,0,0,0,0,0,0,0,0,0,0
2025-04-10,1,0,0,0,0,0,0,0,0,0,0,0,0,0,0,0,0,0
2025-04-13,1,0,0,0,0,0,0,0,0,0,0,0,0,0,0,0,0,0
2025-04-18,0,0,0,0,1,0,0,0,0,0,0,0,0,0,0,0,0,0
2025-04-19,0,0,0,0,1,0,0,0,0,0,0,0,0,0,0,0,0,0
2025-04-20,0,0,0,0,0,0,0,0,1,0,0,0,0,0,0,0,0,0
2025-04-23,0,0,0,0,0,0,0,0,0,0,0,0,0,0,0,0,1,0
2025-04-29,0,0,0,1,1,0,0,0,0,0,0,0,0,0,0,0,0,0
2025-04-30,2,1,0,0,0,0,0,0,0,0,0,0,0,0,0,0,0,0
2025-05-01,0,1,0,0,0,0,0,0,3,0,0,0,0,0,0,0,0,0
2025-05-02,0,0,0,0,2,0,0,0,0,0,0,0,0,0,0,0,2,0
2025-05-04,0,0,0,0,0,0,0,0,0,0,0,2,0,0,0,0,0,0
2025-05-05,0,0,0,0,0,0,0,0,0,0,0,0,0,0,0,0,3,0
2025-05-06,0,0,1,0,0,0,0,0,0,0,0,1,0,0,0,0,1,0
2025-05-09,0,0,0,0,0,0,0,0,9,0,0,0,0,0,0,0,0,0
2025-05-14,1,0,0,0,0,0,0,0,0,0,0,0,0,0,0,0,0,0
2025-05-15,0,0,0,0,0,0,0,0,0,0,0,0,0,0,0,0,1,0
2025-05-17,0,0,0,0,0,0,0,0,2,0,0,0,0,0,0,0,0,0
2025-05-20,0,0,0,0,0,0,0,0,2,0,0,0,0,0,0,0,0,0
2025-05-22,1,0,0,0,0,0,0,0,0,0,0,0,0,0,0,0,0,0
2025-05-23,0,0,0,0,2,0,0,0,0,0,0,0,0,0,0,0,1,0
2025-05-31,0,0,0,0,0,0,0,0,3,0,0,0,0,0,0,0,0,0
2025-06-01,0,0,0,0,1,0,0,0,0,0,0,0,0,0,0,0,0,0
2025-06-07,0,0,0,0,0,0,0,0,0,0,0,0,0,0,0,0,1,0
2025-06-08,0,0,0,0,1,0,0,0,0,0,0,0,0,0,0,0,0,0
2025-06-10,0,0,0,0,0,0,0,0,0,0,0,1,0,0,0,0,0,0
2025-06-12,2,0,0,0,0,0,0,0,0,0,0,0,0,0,0,0,0,0
2025-06-15,0,0,0,0,0,0,0,0,0,0,0,1,0,0,0,0,1,0
2025-06-23,1,0,0,0,0,0,0,0,0,0,0,0,0,0,0,0,0,0
2025-06-24,2,0,0,0,0,0,0,0,0,0,0,0,0,0,0,0,0,0
2025-06-26,0,0,0,0,1,0,0,0,0,0,0,0,0,0,0,0,0,0
2025-06-30,0,0,0,0,0,0,0,0,0,0,0,0,0,0,0,0,1,0
2025-07-01,0,1,0,0,0,0,0,0,0,0,0,0,0,0,0,0,0,0
2025-07-02,0,0,0,0,0,0,0,0,0,0,0,0,0,0,0,0,2,0
2025-07-10,1,0,0,0,0,0,0,0,0,0,0,0,0,0,0,0,0,0
2025-07-17,0,0,0,0,2,0,0,0,0,0,0,0,0,0,0,0,0,0
2025-07-18,0,1,0,0,0,0,0,0,0,0,0,0,0,0,0,0,0,0
2025-07-24,1,0,0,0,0,0,0,1,0,0,0,0,0,0,0,0,1,0
2025-07-28,0,0,0,0,8,0,0,0,0,0,0,0,0,0,0,0,0,0
2025-07-29,0,0,0,0,1,0,0,0,0,0,0,0,0,0,0,0,0,0
2025-07-30,0,0,0,0,2,0,0,0,0,0,0,0,0,0,0,0,1,0
2025-08-05,0,0,0,0,0,0,0,0,0,0,0,0,0,0,0,0,1,0
2025-08-06,0,0,0,0,1,0,0,0,0,0,0,0,0,0,0,0,0,0
2025-08-08,0,0,0,0,0,0,0,0,0,0,0,0,0,0,0,0,1,0
2025-08-10,0,0,0,0,1,0,0,0,0,0,0,0,0,0,0,0,0,0
2025-08-11,0,0,0,0,1,0,0,0,0,0,0,0,0,0,0,0,0,0
2025-08-12,0,0,0,0,0,0,0,0,0,0,0,1,0,0,0,0,0,0
2025-08-18,0,0,0,0,1,0,0,0,0,0,0,0,0,0,0,0,1,0
2025-08-19,0,0,0,0,0,0,0,0,0,0,0,0,0,0,0,0,2,0
2025-08-21,0,0,0,0,2,0,0,0,0,0,0,0,0,0,0,0,1,0
2025-08-22,0,0,0,0,2,0,0,0,0,0,0,0,0,0,0,0,0,0
2025-08-25,0,0,0,0,1,0,0,1,0,0,0,0,0,0,0,0,0,0
2025-08-27,0,0,0,0,0,0,0,0,1,0,0,0,0,0,0,0,0,0
2025-09-01,0,1,0,0,0,0,0,0,0,0,0,0,0,0,0,0,0,0
2025-09-19,0,0,0,0,1,0,0,0,2,0,0,0,0,0,0,0,0,0
2025-09-20,0,0,0,0,0,0,0,0,0,0,0,1,0,0,0,0,0,0
2025-09-22,0,0,0,0,1,0,0,1,0,0,0,0,0,0,0,0,3,0
2025-09-29,1,0,0,0,0,0,0,0,0,0,0,0,0,0,0,0,1,0
2025-10-01,0,0,0,0,0,0,0,0,0,0,0,0,0,0,0,0,9,0
2025-10-02,1,1,0,0,0,0,0,0,0,0,0,0,0,0,0,0,2,0
2025-10-03,0,0,0,0,0,0,0,0,0,0,0,0,0,0,0,0,3,0
2025-10-04,3,0,0,0,0,0,0,0,0,0,0,0,0,0,0,0,0,0
2025-10-09,0,0,0,0,0,0,0,0,0,0,0,0,0,0,0,0,2,0
2025-10-10,0,0,0,0,2,0,0,1,0,0,0,0,0,0,0,0,1,0
2025-10-12,0,0,0,0,0,0,0,0,1,0,0,0,0,0,0,0,1,0
2025-10-15,0,0,0,0,0,0,0,0,0,0,0,0,0,0,0,0,1,0
2025-10-18,0,0,0,0,0,0,0,0,0,0,0,1,0,0,0,0,0,0
2025-10-20,0,0,0,0,1,0,0,1,0,0,0,0,0,0,0,0,0,0
2025-10-23,0,0,0,0,0,0,0,0,0,0,0,0,0,0,0,0,1,0
2025-11-01,1,0,0,0,0,0,0,0,0,0,0,0,0,0,0,0,0,0
2025-11-11,0,0,0,0,2,0,0,0,0,0,0,1,0,0,0,0,0,0
2025-11-14,3,0,0,0,0,0,0,0,0,0,0,0,0,0,0,0,0,0
2025-11-15,3,0,0,0,0,0,0,0,0,0,0,0,0,0,0,0,0,0
2025-11-20,0,0,0,0,1,0,0,0,0,0,0,0,0,0,0,0,1,0
2025-11-24,2,0,0,0,0,0,0,0,0,0,0,0,0,0,0,0,1,0
2025-11-26,1,0,0,0,0,0,0,0,0,0,0,0,0,0,0,0,0,0
2025-11-27,0,0,0,0,0,0,0,0,0,0,0,0,0,0,0,0,4,0
2025-12-01,0,0,0,0,2,0,0,0,0,0,0,0,0,0,0,0,0,0
2025-12-04,0,0,0,0,1,0,0,0,13,0,0,0,0,0,0,0,1,0
2025-12-05,0,0,0,0,0,0,0,0,0,0,0,0,0,0,0,0,2,0
2025-12-07,0,0,0,0,0,0,0,0,1,0,0,0,0,0,0,0,0,0
2025-12-10,0,0,0,0,0,0,0,0,0,0,0,0,0,0,0,0,1,0
2025-12-14,2,0,0,0,0,0,0,0,0,0,0,0,0,0,0,0,0,0
2025-12-16,8,0,0,0,1,0,0,0,0,0,0,0,0,0,0,0,0,0
2025-12-20,0,0,0,0,1,0,0,0,0,0,0,0,0,0,0,0,0,0
2025-12-21,0,0,0,0,1,0,0,0,0,0,0,0,0,0,0,0,0,0
2025-12-22,0,0,0,0,1,0,0,0,0,0,0,0,0,0,0,0,1,0
2025-12-23,0,0,0,0,1,0,0,0,0,0,0,0,0,0,0,0,0,0
2025-12-29,0,0,0,0,0,0,0,0,0,0,0,0,0,0,0,0,1,0
2025-12-30,0,0,0,0,0,0,0,0,0,0,0,0,0,0,0,0,1,0
2026-01-07,0,0,0,0,8,0,0,0,0,0,0,0,0,0,0,0,0,0
2026-01-08,0,0,0,0,9,0,0,0,0,0,0,0,0,0,0,0,0,0
2026-01-09,0,0,0,0,1,0,0,0,0,0,0,0,0,0,0,0,0,0
2026-01-10,0,0,0,0,0,0,0,0,0,0,0,0,0,0,0,0,1,0
2026-01-11,0,0,0,0,1,0,0,0,0,0,0,0,0,0,0,0,0,0
2026-01-13,0,0,0,0,0,0,0,0,1,0,0,0,0,0,0,0,0,0
2026-01-15,3,0,0,0,0,0,0,0,0,0,0,0,0,0,0,0,0,0
2026-01-16,1,0,0,0,0,0,0,0,0,0,0,0,0,0,0,0,0,0
2026-01-18,0,0,0,0,1,0,0,0,0,0,0,0,0,0,0,0,0,0
2026-01-19,0,0,0,0,1,0,0,0,0,0,0,0,0,0,0,0,0,0
2026-01-20,0,0,0,0,0,0,0,0,1,0,0,0,0,0,0,0,0,0
2026-01-22,0,0,0,0,1,0,0,0,0,0,0,0,0,0,0,0,0,0
2026-01-27,0,0,0,0,1,0,0,0,0,0,0,0,0,0,0,0,0,0
2026-02-04,13,0,0,0,0,0,0,0,0,0,0,0,0,0,0,0,0,0
2026-02-09,1,0,0,0,1,0,0,0,0,0,0,0,0,0,0,0,0,0
2026-02-12,2,0,0,0,0,0,0,0,0,0,0,0,0,0,0,0,0,0
2026-02-17,0,1,0,0,0,0,0,0,0,0,0,0,0,0,0,0,0,0
2026-02-20,0,0,0,0,1,0,0,0,0,0,0,0,0,0,0,0,0,0
2026-02-26,0,0,0,0,1,0,0,1,0,0,0,0,0,0,0,0,0,0
2026-02-27,0,0,0,0,0,0,0,0,14,0,0,0,0,0,0,0,0,0
2026-03-03,0,0,0,1,0,0,0,0,0,0,0,0,0,0,0,0,0,0
2026-03-05,0,0,0,0,0,0,0,0,5,0,0,0,0,0,0,0,0,0
2026-03-06,3,0,0,0,0,0,0,0,0,0,0,0,0,0,0,0,0,0
2026-03-11,1,0,0,0,0,0,0,0,0,0,0,0,0,0,0,0,0,0
2026-03-12,2,0,0,0,0,0,0,0,0,0,0,0,0,0,0,0,0,0
2026-03-28,4,0,0,0,0,0,0,0,0,0,0,0,0,0,0,0,0,0
